{"deepextractionenabled":true,"flushmode":"NONE","deletearchivefilesafterextractionaction":"NO_DELETE","deleteinfofilesafterextraction":false,"maxcheckedfilesizeduringoptimizedpasswordfindinginbytes":1024000,"iffileexistsaction":"ASK_FOR_EACH_FILE","askforunknownpasswordsenabled":true,"customextractionpathenabled":false,"subpath":"%PACKAGENAME%","bubblecontentarchivenamevisible":true,"deletearchivedownloadlinksafterextraction":false,"bubblecontentextracttofoldervisible":true,"lastworkinglibid":"Linux-amd64","enabled":true,"subpathenabled":false,"useoriginalfiledate":true,"freshinstall":false,"bubblecontentcircleprogressvisible":true,"iomodeforcrchashing":"NORMAL","passwordfindoptimizationenabled":true,"bubbleenabledifarchiveextractionisinprogress":true,"restorefilepermissions":true,"subpathminfolderstreshhold":0,"bubblecontentstatusvisible":true,"customextractionpath":null,"cpupriority":"HIGH","subpathminfilesorfolderstreshhold":2,"bubblecontentdurationvisible":true,"subpathminfilestreshhold":0,"askforpassworddialogtimeoutinms":600000,"bubblecontentcurrentfilevisible":true}