{"autohideguiiftherearenoupdatesenabled":false,"selftestwritetimeout":60000,"proxydialogonnoconnectionenabled":true,"lastsuccessfulconnection":1654988132462,"updateinterval":600000,"autohideguiifsilentupdateswereinstalledenabled":false,"doaskmebeforeinstallinganupdateenabled":false,"jardiffenabled":true,"updateguialwaysontop":true,"installupdatesonexitenabled":true,"doaskbeforedownloadinganupdate":false,"installupdatessilentlyifpossibleenabled":true,"autoupdatecheckenabled":true,"selftestpolltimeout":60000,"installupdatesonexitpanelvisible":true}