{"crawlerbubblecontentlinkcountvisible":true,"crawlerbubblecontentpackagecountvisible":true,"bubblenotifyonnewlinkgrabberlinksenabled":true,"crawlerbubblecontentstatusvisible":true,"crawlerbubblecontentlistqueuevisible":true,"crawlerbubblecontentdurationvisible":true,"animationendpositiony":-1,"animationendpositionx":-1,"downloadstartedbubblecontentaccountvisible":true,"crawlerbubblecontentcheckqueuevisible":true,"bubblenotifyonupdateavailableenabled":true,"fadeanimationduration":900,"bubblenotifystartpausestopenabled":true,"downloadstartedbubblecontentproxyvisible":true,"crawlerbubblecontentanimatediconvisible":true,"crawlerbubblecontentofflinecountvisible":true,"bubblenotifyoncaptchainbackgroundenabled":true,"downloadstartedbubblecontentstatusvisible":true,"animationstartpositiony":-1,"captchaexchangesolverbubbleimagevisible":true,"animationstartpositionx":-1,"bubblenotifyenabledstate":"JD_NOT_ACTIVE","bubbleanchorrelativetowindow":false,"downloadstartedbubblecontentfilenamevisible":true,"crawlerbubblecontentonlinecountvisible":true,"defaulttimeout":15000,"finalpositionx":-1,"downloadstartedbubblecontentsavetovisible":true,"finalpositiony":-1,"screenid":"\\Display9999","bubblenotifyonnewlinkgrabberlinkson":"LINK","bubblenotifyenabledduringsilentmode":false,"bubblenotifyonnewlinkgrabberlinksendnotifydelay":15000,"bubblenotifyonreconnectstartenabled":true,"downloadstartendnotifydelay":10000,"downloadstartedbubblecontenthostervisible":true,"transparency":100,"animationstartpositionanchor":"SYSTEM_DEFAULT","animationendpositionanchor":"SYSTEM_DEFAULT","bubblenotifystartstopdownloadsenabled":false,"finalpositionanchor":"SYSTEM_DEFAULT"}